,updates
0,1022230
1,792847
2,721643
3,425349
4,952240
5,784829
6,630185
7,866128
8,766025
9,974300
10,861404
11,1056665
12,778332
13,736779
14,914715
15,728874
16,721626
17,769509
18,896253
19,810395
20,879735
21,712439
22,301170
23,809783
24,907082
25,747874
26,817468
27,860706
28,741958
29,655542
30,460036
31,760020
32,866884
33,438181
34,329421
35,661436
36,820072
37,535590
38,1035594
39,1062490
40,952006
41,667722
42,675822
43,668885
44,807803
45,689968
46,742093
47,714642
48,730295
49,972757
50,950411
51,726435
52,702129
53,694163
54,431902
55,853801
56,829745
57,767343
58,626832
59,647029
60,732333
61,721710
62,596077
63,785715
64,687782
65,534842
66,727525
67,560053
68,457440
69,887227
70,769738
71,209853
72,802063
73,690032
74,735370
75,259040
76,842342
77,482494
78,746600
79,672548
80,933257
81,975037
82,580167
83,699385
84,895744
85,702653
86,648478
87,709109
88,710014
89,708217
90,755273
91,320563
92,789215
93,633970
94,709593
95,582661
96,539444
97,664184
98,631833
99,791245
100,648971
101,665188
102,411227
103,919301
104,953979
105,782765
106,460115
107,866638
108,649264
109,937826
110,538310
111,587162
112,816940
113,797258
114,499912
115,559420
116,781737
117,823339
118,666094
119,707024
120,661486
121,654436
122,572312
123,723195
124,512933
125,613807
126,745146
127,625917
128,752418
129,668208
130,776112
131,159784
132,457807
133,703326
134,759571
135,592046
136,473217
137,874782
138,673248
139,853163
140,742164
141,673777
142,711002
143,688137
144,589582
145,637783
146,562763
147,712674
148,116597
149,754602
150,411878
151,723813
152,489491
153,726740
154,705689
155,633365
156,753539
157,27784
158,781804
159,846329
160,469128
161,649377
162,655375
163,595602
164,706234
165,891264
166,611735
167,742624
168,349074
169,831937
170,689558
171,596628
172,436934
173,459260
174,727890
175,921234
176,439631
177,735718
178,853134
179,745987
180,697828
181,600344
182,665278
183,683720
184,635556
185,789034
186,271271
187,772212
188,636295
189,362565
190,867729
191,735990
192,528052
193,643539
194,667290
195,676377
196,637439
197,840113
198,845450
199,638155
200,709080
201,648554
202,610445
203,670811
204,661880
205,672362
206,738873
207,804374
208,848514
209,710412
210,682759
211,616135
212,628910
213,704686
214,644148
215,706643
216,650360
217,684022
218,790760
219,609145
220,698496
221,710384
222,634092
223,735489
224,323483
225,445205
226,470659
227,736748
228,630431
229,748682
230,729723
231,637159
232,354940
233,619575
234,23811
235,708527
236,582272
237,380684
238,795881
239,632416
240,660904
241,568213
242,531679
243,701518
244,582232
245,668651
246,671261
247,672452
248,313639
249,782009
250,718192
251,543124
252,906619
253,503731
254,534464
255,204483
256,775632
257,681442
258,514495
259,660922
260,745281
261,933298
262,352103
263,846719
264,667802
265,72705
266,649634
267,584461
268,572344
269,742443
270,379588
271,607216
272,654566
273,757377
274,552585
275,739094
276,739064
277,487052
278,511784
279,726936
280,268930
281,554565
282,819910
283,664047
284,673295
285,596173
286,684075
287,566474
288,623863
289,488403
290,597875
291,504581
292,545597
293,334714
294,493411
295,658425
296,390819
297,26732
298,139621
299,527888
300,448314
301,613959
302,36505
303,705348
304,657001
305,459121
306,215870
307,612748
308,443719
309,655808
310,595913
311,455979
312,511429
313,138499
314,731117
315,384015
316,402702
317,693968
318,896056
319,668851
320,480440
321,640226
322,545007
323,562484
324,674934
325,712506
326,551432
327,744898
328,682821
329,511552
330,950027
331,385645
332,424215
333,554478
334,898713
335,421416
336,622786
337,548400
338,688597
339,89927
340,336805
341,868786
342,537479
343,678446
344,709505
345,713561
346,651617
347,653143
348,622593
349,748402
350,653152
351,668935
352,611647
353,704613
354,707548
355,491159
356,663464
357,866083
358,514487
359,551376
360,546776
361,371130
362,384384
363,307641
364,735669
365,622106
366,690642
367,535454
368,837264
369,587154
370,649328
371,671105
372,734060
373,571232
374,461187
375,194606
376,622648
377,793935
378,573225
379,670446
380,530574
381,663342
382,573010
383,467624
384,698856
385,413975
386,641447
387,645881
388,382398
389,804515
390,571500
391,608677
392,224691
393,598312
394,716974
395,520164
396,484215
397,478233
398,563139
399,612185
400,581713
401,726597
402,696343
403,635950
404,530261
405,660270
406,700238
407,454375
408,843765
409,430983
410,585341
411,699610
412,623781
413,179824
414,617528
415,674350
416,602774
417,490410
418,687999
419,719647
420,547467
421,808593
422,352782
423,709533
424,429051
425,345703
426,691522
427,714979
428,551670
429,557083
430,575957
431,708218
432,781891
433,498410
434,320036
435,667293
436,151006
437,228287
438,698851
439,630931
440,219749
441,507835
442,595883
443,530066
444,622296
445,533155
446,607618
447,546293
448,682945
449,595146
450,653357
451,632448
452,621447
453,345062
454,634972
455,358016
456,534121
457,755866
458,704723
459,712165
460,515700
461,636186
462,716105
463,672578
464,207124
465,408595
466,896133
467,486396
468,578509
469,333837
470,301683
471,718233
472,742224
473,846084
474,675059
475,504361
476,734123
477,630480
478,618940
479,720191
480,580518
481,450944
482,429791
483,793127
484,484780
485,757003
486,462515
487,20114
488,337476
489,392422
490,626262
491,657984
492,722053
493,365529
494,554057
495,608897
496,720568
497,609264
498,684084
499,498335
500,439909
501,544207
502,736872
503,629968
504,552884
505,499089
506,584255
507,669532
508,621883
509,472646
510,455005
511,606991
512,596436
513,557559
514,371254
515,641912
516,412355
517,514361
518,790721
519,657916
520,635518
521,669814
522,687001
523,621538
524,280187
525,569596
526,393624
527,710810
528,601662
529,508638
530,447453
531,412367
532,426808
533,578036
534,580649
535,582438
536,681904
537,602323
538,316038
539,676684
540,519298
541,715825
542,738656
543,530575
544,681140
545,466235
546,708778
547,608730
548,507620
549,654656
550,498047
551,525607
552,709219
553,614637
554,505445
555,532687
556,618504
557,624495
558,651602
559,722273
560,593828
561,729458
562,643261
563,743814
564,498573
565,589871
566,619747
567,474001
568,571794
569,726569
570,640068
571,427076
572,545822
573,572348
574,569513
575,701717
576,592033
577,485484
578,530927
579,709323
580,606379
581,534331
582,168324
583,681808
584,583792
585,586749
586,512114
587,564033
588,598285
589,647570
590,542308
591,568641
592,565244
593,609538
594,626970
595,567702
596,445258
597,645583
598,537069
599,699147
600,467587
601,312348
602,377725
603,449293
604,311029
605,579235
606,115086
607,443857
608,378714
609,691492
610,496133
611,559751
612,664055
613,584469
614,596781
615,503641
616,489930
617,574022
618,645812
619,485121
620,221765
621,426338
622,157535
623,501566
624,577933
625,717006
626,248917
627,560938
628,698168
629,499258
630,664829
631,418299
632,559271
633,603476
634,553925
635,658289
636,449872
637,711615
638,825675
639,586406
640,571847
641,353067
642,618762
643,517608
644,597263
645,589033
646,725146
647,490821
648,560562
649,617377
650,738373
651,509554
652,471955
653,501894
654,425976
655,721884
656,578291
657,636794
658,709175
659,559387
660,612664
661,630620
662,633571
663,619713
664,761317
665,275184
666,561679
667,568661
668,489875
669,717208
670,482937
671,496370
672,302455
673,634107
674,392911
675,526673
676,645006
677,500978
678,573797
679,635665
680,495022
681,610050
682,597036
683,664025
684,531705
685,584887
686,575674
687,660420
688,518275
689,518253
690,531798
691,138436
692,267212
693,496065
694,537148
695,165413
696,504537
697,670543
698,676287
699,534661
700,582987
701,644066
702,501542
703,733411
704,444434
705,494326
706,552927
707,669182
708,704425
709,585772
710,632417
711,662979
712,603196
713,383775
714,472659
715,474712
716,393613
717,682798
718,468513
719,339154
720,548252
721,532928
722,535312
723,342875
724,617438
725,421116
726,487356
727,515750
728,600437
729,455461
730,481138
731,546628
732,615251
733,587932
734,551376
735,480663
736,575506
737,551694
738,563265
739,585894
740,583286
741,587126
742,783106
743,604162
744,585626
745,621196
746,392958
747,599595
748,551401
749,679132
750,549811
751,469910
752,633646
753,571479
754,451288
755,500801
756,674935
757,671379
758,473023
759,562537
760,644805
761,402606
762,495635
763,558756
764,592887
765,757962
766,760921
767,563628
768,450937
769,394334
770,656641
771,415078
772,613791
773,430607
774,683160
775,443513
776,456056
777,607874
778,557635
779,672870
780,685282
781,652332
782,496873
783,633256
784,575791
785,504618
786,208263
787,441418
788,553002
789,718647
790,682167
791,585180
792,623997
793,456296
794,605627
795,463011
796,460668
797,207584
798,223658
799,390305
800,534220
801,565823
802,543778
803,490048
804,570344
805,300901
806,599754
807,428503
808,459281
809,671813
810,553692
811,542658
812,502272
813,499242
814,112777
815,657334
816,590578
817,612617
818,565458
819,756968
820,524646
821,667765
822,525307
823,220685
824,517541
825,642094
826,459390
827,461922
828,688342
829,457411
830,655357
831,790495
832,536913
833,616951
834,398740
835,317987
836,774423
837,554795
838,417007
839,460736
840,575633
841,648666
842,137372
843,570298
844,518450
845,663001
846,357003
847,406029
848,682313
849,592152
850,575346
851,611679
852,546853
853,620527
854,243031
855,592913
856,524963
857,251875
858,404556
859,801014
860,209101
861,582293
862,603210
863,509542
864,492860
865,734694
866,255868
867,628997
868,535231
869,533144
870,628587
871,427737
872,604868
873,618647
874,612818
875,545782
876,169086
877,582160
878,495831
879,610411
880,472121
881,462443
882,477547
883,423084
884,430075
885,704986
886,366796
887,539752
888,529561
889,662983
890,582965
891,640937
892,495214
893,505227
894,434714
895,580395
896,490096
897,611601
898,554734
899,338030
900,424615
901,478097
902,260285
903,750786
904,257940
905,453277
906,539810
907,591012
908,651906
909,551187
910,516388
911,423983
912,776660
913,584722
914,178662
915,471758
916,775996
917,297553
918,638665
919,660786
920,288854
921,510100
922,113877
923,705031
924,625807
925,562627
926,291599
927,589038
928,352359
929,470170
930,419715
931,438187
932,506792
933,512226
934,505753
935,651029
936,350143
937,458708
938,468833
939,573819
940,650088
941,482250
942,171060
943,252698
944,536396
945,545965
946,284113
947,380624
948,312679
949,497103
950,407685
951,462282
952,488836
953,299815
954,733766
955,74331
956,37599
957,429861
958,169332
959,517115
960,78197
961,468583
962,561488
963,694146
964,438466
965,497678
966,609366
967,401815
968,637322
969,347557
970,543640
971,385285
972,537628
973,569472
974,640214
975,498459
976,625428
977,426169
978,637673
979,537010
980,417548
981,594789
982,489647
983,509534
984,478628
985,262310
986,463603
987,360845
988,660603
989,438267
990,302873
991,580584
992,479827
993,441998
994,589942
995,367548
996,598279
997,646348
998,525630
999,466785
1000,451243
1001,594832
1002,419589
1003,253291
1004,513731
1005,571115
1006,492150
1007,750273
1008,583815
1009,634046
1010,554930
1011,518153
1012,521676
1013,416708
1014,497883
1015,510385
1016,478792
1017,375572
1018,538301
1019,229782
1020,563006
1021,568643
1022,564648
1023,601497
1024,620038
1025,353148
1026,313912
1027,300932
1028,338428
1029,564058
1030,336389
1031,576955
1032,371303
1033,699968
1034,337664
1035,32030
1036,457094
1037,266800
1038,493958
1039,353996
1040,542806
1041,565314
1042,282231
1043,648647
1044,380253
1045,286574
1046,560625
1047,521275
1048,498261
1049,428937
1050,488872
1051,622575
1052,478296
1053,323404
1054,361016
1055,366150
1056,412204
1057,575621
1058,693272
1059,537971
1060,401252
1061,573677
1062,605679
1063,632109
1064,514622
1065,568141
1066,544029
1067,553627
1068,591891
1069,454741
1070,497921
1071,535933
1072,510533
1073,514733
1074,558006
1075,502304
1076,424836
1077,502972
1078,442392
1079,344073
1080,420838
1081,521947
1082,511909
1083,429884
1084,326124
1085,660705
1086,634820
1087,472537
1088,626420
1089,252039
1090,454568
1091,585974
1092,408830
1093,190308
1094,594893
1095,450190
1096,343187
1097,716500
1098,293986
1099,175938
1100,473754
1101,304958
1102,539188
1103,494046
1104,591006
1105,452570
1106,527121
1107,376075
1108,722337
1109,490043
1110,486187
1111,734419
1112,570354
1113,280127
1114,406052
1115,393336
1116,770482
1117,498396
1118,290346
1119,672577
1120,426249
1121,514710
1122,580780
1123,634457
1124,515259
1125,613989
1126,177388
1127,319311
1128,494589
1129,375346
1130,431625
1131,611316
1132,463346
1133,430882
1134,447469
1135,410029
1136,371161
1137,316414
1138,313704
1139,669527
1140,549934
1141,593065
1142,142669
1143,459742
1144,420472
1145,547570
1146,451749
1147,467054
1148,672115
1149,256685
1150,578836
1151,655013
1152,626478
1153,603713
1154,294244
1155,154146
1156,431352
1157,667456
1158,601573
1159,502073
1160,311580
1161,577356
1162,459771
1163,472169
1164,565778
1165,511356
1166,484870
1167,479812
1168,469425
1169,461365
1170,492917
1171,613208
1172,499009
1173,478967
1174,648352
1175,344196
1176,561169
1177,622801
1178,670332
1179,459755
1180,318798
1181,548889
1182,337772
1183,678856
1184,463213
1185,573208
1186,498589
1187,571807
1188,488326
1189,324226
1190,517917
1191,401393
1192,559482
1193,123730
1194,554324
1195,272395
1196,561231
1197,408770
1198,619714
1199,696631
1200,401398
1201,481908
1202,387904
1203,485894
1204,691083
1205,196151
1206,117356
1207,551102
1208,427721
1209,739554
1210,489546
1211,360179
1212,456178
1213,503876
1214,481183
1215,402174
1216,442653
1217,275207
1218,571355
1219,486040
1220,586454
1221,308454
1222,474213
1223,508920
1224,651450
1225,530951
1226,597314
1227,450664
1228,384041
1229,728627
1230,406617
1231,382675
1232,339884
1233,559428
1234,467906
1235,450856
1236,532039
1237,409845
1238,369687
1239,343934
1240,276800
1241,336882
1242,477428
1243,751687
1244,252353
1245,543718
1246,702244
1247,206405
1248,699726
1249,717614
1250,423031
1251,510092
1252,713906
1253,510324
1254,537887
1255,669218
1256,506149
1257,559353
1258,577974
1259,497349
1260,504911
1261,534535
1262,384072
1263,686467
1264,211531
1265,468789
1266,446194
1267,448542
1268,402394
1269,428414
1270,396265
1271,346902
1272,478977
1273,452458
1274,505917
1275,515455
1276,575331
1277,448665
1278,419022
1279,633807
1280,562934
1281,233141
1282,568597
1283,40033
1284,597537
1285,250479
1286,194150
1287,433758
1288,490043
1289,466843
1290,451711
1291,57959
1292,539215
1293,485790
1294,336574
1295,676790
1296,412555
1297,428827
1298,364925
1299,453270
1300,575704
1301,355207
1302,436612
1303,472472
1304,560720
1305,397745
1306,373408
1307,535668
1308,567112
1309,525909
1310,318327
1311,530640
1312,624350
1313,495984
1314,355048
1315,453273
1316,127519
1317,534944
1318,538500
1319,523063
1320,537482
1321,392057
1322,474729
1323,665661
1324,512200
1325,420925
1326,502800
1327,451848
1328,664594
1329,268803
1330,503574
1331,562936
1332,634216
1333,354915
1334,564489
1335,387739
1336,549572
1337,486800
1338,486919
1339,372617
1340,541835
1341,572894
1342,525538
1343,495479
1344,284586
1345,254576
1346,209318
1347,576839
1348,552480
1349,533732
1350,588156
1351,595177
1352,387619
1353,484685
1354,464784
1355,422705
1356,324270
1357,484001
1358,352187
1359,462975
1360,535212
1361,395672
1362,399090
1363,469224
1364,483599
1365,206820
1366,552079
1367,458131
1368,435851
1369,603702
1370,502657
1371,386188
1372,229672
1373,383541
1374,462628
1375,444778
1376,380539
1377,598006
1378,448171
1379,397628
1380,580986
1381,697249
1382,722999
1383,482683
1384,517887
1385,470406
1386,277185
1387,487526
1388,420654
1389,551983
1390,502549
1391,414590
1392,526880
1393,505852
1394,428201
1395,509134
1396,451099
1397,533691
1398,466550
1399,352661
1400,419563
1401,565404
1402,549898
1403,376664
1404,400326
1405,242099
1406,406319
1407,256856
1408,478411
1409,641625
1410,418931
1411,516998
1412,519882
1413,529034
1414,824560
1415,494462
1416,342703
1417,418797
1418,375760
1419,461702
1420,596198
1421,516219
1422,303033
1423,557026
1424,436883
1425,261991
1426,606960
1427,460363
1428,349245
1429,478446
1430,208827
1431,240626
1432,525043
1433,431112
1434,250151
1435,541347
1436,537623
1437,420455
1438,274899
1439,226953
1440,624564
1441,428393
1442,248352
1443,266467
1444,703507
1445,535523
1446,172977
1447,314598
1448,526614
1449,484904
1450,627407
1451,557694
1452,339022
1453,497833
1454,459466
1455,554102
1456,185609
1457,521810
1458,537107
1459,538181
1460,521808
1461,600007
1462,539253
1463,328097
1464,572222
1465,612084
1466,600585
1467,390260
1468,421411
1469,471147
1470,297477
1471,452825
1472,512238
1473,588560
1474,178160
1475,121257
1476,536975
1477,386376
1478,576232
1479,486417
1480,541094
1481,324870
1482,429324
1483,423031
1484,488289
1485,520032
1486,377867
1487,410549
1488,482773
1489,619872
1490,496555
1491,311059
1492,403685
1493,477685
1494,410643
1495,496247
1496,495645
1497,388519
1498,448776
1499,452112
1500,204460
1501,546613
1502,402379
1503,547661
1504,511647
1505,361904
1506,305837
1507,416063
1508,248809
1509,540645
1510,429805
1511,217807
1512,492005
1513,543846
1514,451342
1515,287651
1516,573535
1517,396408
1518,518031
1519,530493
1520,291201
1521,291909
1522,462606
1523,178893
1524,415972
1525,655728
1526,528008
1527,261875
1528,386214
1529,470372
1530,409580
1531,774492
1532,601683
1533,447427
1534,563790
1535,295454
1536,438969
1537,535856
1538,514519
1539,365803
1540,546010
1541,598155
1542,449047
1543,482679
1544,419998
1545,442301
1546,389812
1547,513358
1548,406722
1549,494773
1550,518118
1551,438873
1552,600009
1553,473902
1554,529275
1555,663207
1556,301444
1557,450484
1558,400311
1559,545260
1560,507271
1561,544789
1562,582376
1563,514735
1564,182066
1565,379162
1566,338387
1567,541757
1568,619131
1569,462625
1570,507506
1571,352652
1572,302771
1573,319910
1574,532326
1575,112204
1576,619264
1577,364911
1578,265282
1579,431722
1580,528574
1581,486161
1582,657381
1583,428337
1584,317751
1585,498689
1586,581866
1587,576412
1588,418015
1589,375300
1590,442112
1591,326243
1592,541993
1593,397398
1594,192093
1595,469285
1596,301972
1597,289887
1598,195412
1599,503379
1600,552121
1601,429217
1602,380882
1603,467231
1604,536049
1605,456909
1606,540625
1607,559204
1608,260328
1609,492377
1610,28467
1611,409272
1612,448681
1613,626167
1614,464218
1615,462066
1616,199606
1617,646892
1618,444030
1619,428195
1620,537425
1621,671983
1622,454503
1623,543004
1624,303832
1625,517127
1626,528540
1627,601423
1628,547692
1629,282635
1630,475882
1631,493636
1632,482938
1633,779315
1634,411232
1635,536919
1636,509384
1637,611947
1638,486339
1639,481179
1640,521183
1641,562409
1642,528584
1643,494972
1644,304802
1645,649598
1646,476366
1647,311276
1648,472298
1649,525349
1650,423758
1651,230837
1652,526961
1653,565530
1654,238766
1655,616892
1656,184112
1657,608257
1658,519813
1659,435586
1660,465219
1661,258061
1662,460908
1663,557862
1664,176138
1665,125977
1666,456937
1667,585387
1668,575007
1669,471041
1670,464423
1671,413017
1672,457077
1673,469541
1674,416454
1675,373272
1676,454414
1677,430018
1678,520052
1679,509097
1680,495535
1681,538858
1682,598530
1683,344946
1684,525196
1685,242001
1686,497909
1687,389756
1688,527877
1689,478968
1690,333450
1691,644698
1692,332059
1693,368569
1694,313408
1695,526094
1696,339324
1697,376407
1698,514336
1699,450370
1700,439051
1701,194772
1702,386748
1703,414928
1704,313410
1705,481568
1706,607973
1707,370564
1708,595078
1709,439647
1710,359137
1711,318086
1712,354311
1713,73428
1714,75728
1715,163962
1716,188757
1717,36635
1718,497993
1719,403337
1720,586533
1721,580250
1722,472854
1723,399207
1724,265644
1725,492952
1726,586013
1727,490081
1728,483826
1729,446579
1730,608614
1731,448216
1732,226865
1733,432938
1734,341324
1735,710394
1736,402479
1737,403727
1738,468594
1739,532687
1740,374650
1741,414521
1742,478653
1743,192473
1744,463560
1745,184853
1746,460159
1747,465972
1748,463824
1749,626497
1750,485389
1751,474146
1752,489884
1753,235369
1754,656348
1755,498485
1756,549246
1757,485148
1758,616539
1759,436719
1760,381487
1761,451682
1762,452047
1763,378971
1764,526838
1765,489874
1766,403472
1767,475600
1768,482913
1769,493443
1770,524150
1771,528714
1772,618851
1773,437565
1774,552686
1775,461286
1776,224791
1777,527671
1778,534809
1779,410228
1780,500366
1781,456796
1782,341657
1783,322321
1784,429576
1785,469243
1786,219994
1787,379531
1788,300191
1789,425677
1790,291079
1791,453120
1792,497805
1793,479033
1794,330506
1795,517531
1796,474064
1797,513333
1798,691515
1799,348756
1800,253643
1801,324260
1802,73694
1803,542174
1804,575129
1805,457749
1806,362532
1807,325194
1808,497703
1809,333760
1810,405567
1811,577191
1812,265598
1813,485030
1814,554877
1815,483056
1816,435199
1817,418361
1818,397108
1819,436200
1820,629931
1821,404336
1822,264462
1823,288083
1824,536811
1825,612816
1826,535555
1827,459309
1828,261021
1829,369147
1830,459931
1831,294150
1832,304055
1833,381590
1834,645856
1835,513023
1836,582022
1837,226508
1838,528498
1839,179372
1840,573090
1841,528242
1842,607210
1843,500099
1844,528267
1845,425522
1846,286210
1847,267224
1848,142233
1849,363620
1850,365682
1851,503456
1852,109577
1853,532652
1854,458837
1855,424398
1856,379747
1857,491680
1858,624258
1859,286646
1860,91736
1861,473243
1862,239324
1863,414732
1864,457579
1865,465529
1866,394270
1867,434246
1868,137793
1869,521936
1870,461924
1871,510789
1872,522031
1873,480464
1874,494045
1875,382743
1876,42729
1877,437254
1878,429332
1879,412350
1880,652728
1881,367555
1882,147378
1883,296057
1884,491561
1885,312832
1886,608745
1887,439002
1888,432637
1889,131477
1890,560233
1891,437407
1892,262680
1893,507382
1894,265246
1895,409035
1896,362351
1897,318706
1898,430852
1899,264081
1900,426260
1901,471635
1902,424874
1903,608274
1904,518561
1905,424874
1906,186648
1907,534999
1908,180200
1909,544705
1910,294464
1911,417968
1912,353002
1913,399424
1914,673301
1915,438059
1916,532260
1917,420453
1918,453029
1919,465999
1920,527738
1921,459585
1922,232529
1923,735757
1924,425914
1925,279641
1926,300719
1927,501936
1928,439003
1929,536416
1930,511897
1931,550954
1932,118546
1933,669266
1934,334953
1935,401062
1936,252384
1937,414971
1938,350626
1939,512346
1940,690495
1941,304292
1942,508309
1943,460232
1944,193868
1945,276373
1946,561229
1947,392245
1948,503688
1949,394622
1950,447620
1951,523465
1952,390423
1953,529959
1954,127802
1955,347369
1956,334707
1957,539674
1958,511353
1959,334055
1960,530972
1961,438024
1962,451125
1963,24015
1964,338399
1965,466843
1966,253154
1967,541388
1968,519879
1969,255539
1970,304679
1971,275427
1972,431456
1973,415128
1974,404923
1975,339222
1976,105236
1977,278042
1978,457296
1979,660050
1980,492681
1981,529745
1982,664073
1983,571477
1984,521098
1985,540497
1986,555452
1987,481985
1988,527095
1989,653673
1990,374780
1991,265186
1992,435088
1993,432247
1994,518090
1995,536084
1996,466729
1997,496834
1998,403716
1999,404461
2000,133562
2001,496336
2002,473514
2003,308385
2004,294820
2005,572776
2006,373700
2007,445792
2008,522327
2009,390572
2010,415359
2011,567071
2012,461320
2013,378278
2014,487261
2015,603905
2016,418032
2017,581817
2018,589771
2019,375066
2020,385915
2021,498391
2022,467232
2023,380855
2024,716274
2025,488254
2026,510891
2027,594189
2028,374768
2029,409156
2030,238159
2031,339627
2032,322900
2033,513260
2034,334492
2035,310553
2036,425457
2037,312968
2038,622719
2039,320036
2040,328936
2041,623455
2042,607713
2043,542198
2044,454760
2045,438975
2046,551416
2047,404876
2048,593715
2049,425682
2050,372008
2051,516158
2052,476651
2053,465267
2054,473694
2055,293731
2056,354871
2057,418940
2058,515393
2059,493496
2060,471624
2061,532781
2062,474421
2063,546343
2064,484554
2065,308782
2066,415327
2067,516725
2068,550735
2069,409215
2070,462617
2071,504540
2072,472178
2073,302977
2074,567473
2075,448658
2076,474967
2077,426311
2078,615838
2079,524696
2080,569901
2081,418873
2082,477404
2083,417016
2084,453978
2085,247545
2086,309377
2087,557273
2088,493197
2089,350730
2090,494882
2091,527559
2092,442144
2093,425918
2094,320000
2095,477144
2096,242594
2097,411189
2098,347615
2099,642229
2100,297491
2101,518010
2102,507205
2103,519674
2104,470604
2105,551494
2106,278404
2107,415510
2108,420109
2109,220232
2110,282476
2111,530475
2112,317024
2113,512434
2114,341843
2115,510034
2116,593845
2117,184520
2118,293723
2119,205036
2120,488201
2121,528614
2122,177305
2123,488106
2124,463813
2125,559783
2126,318253
2127,237020
2128,520785
2129,412174
2130,582467
2131,252895
2132,415397
2133,448040
2134,373053
2135,469356
2136,201725
2137,62389
2138,489740
2139,439599
2140,221028
2141,317510
2142,436193
2143,472169
2144,479090
2145,340756
2146,221225
2147,331870
2148,475636
2149,260897
2150,405755
2151,468864
2152,509525
2153,417014
2154,350684
2155,464820
2156,81872
2157,167254
2158,414895
2159,541511
2160,370913
2161,252881
2162,656817
2163,564942
2164,369815
2165,417459
2166,389556
2167,428108
2168,439785
2169,301373
2170,462495
2171,368444
2172,275864
2173,607950
2174,538811
2175,465926
2176,323470
2177,438889
2178,382447
2179,401112
2180,391842
2181,326266
2182,652457
2183,387559
2184,340618
2185,316444
2186,462478
2187,664372
2188,351016
2189,416273
2190,586306
2191,385878
2192,139908
2193,488557
2194,205522
2195,397270
2196,457268
2197,511380
2198,246878
2199,476814
2200,417053
2201,582620
2202,446480
2203,658229
2204,246335
2205,333160
2206,454987
2207,484961
2208,459013
2209,245423
2210,579689
2211,296023
2212,345838
2213,343612
2214,577903
2215,424276
2216,543888
2217,535211
2218,390857
2219,478306
2220,197722
2221,457110
2222,426902
2223,612512
2224,459320
2225,459008
2226,514506
2227,469336
2228,346448
2229,436506
2230,561872
2231,444649
2232,440881
2233,87376
2234,550175
2235,591123
2236,462570
2237,358581
2238,433018
2239,306156
2240,642347
2241,387031
2242,411845
2243,554741
2244,443999
2245,211853
2246,468258
2247,470331
2248,266088
2249,349371
2250,530520
2251,470549
2252,359757
2253,15474
2254,550441
2255,164602
2256,477622
2257,273078
2258,436243
2259,403284
2260,445379
2261,560194
2262,584104
2263,257114
2264,169323
2265,661062
2266,593294
2267,487548
2268,685278
2269,446418
2270,604100
2271,419278
2272,229297
2273,346786
2274,318285
2275,616964
2276,440026
2277,300611
2278,507353
2279,406590
2280,382089
2281,338416
2282,556617
2283,387290
2284,415291
2285,626167
2286,471874
2287,388829
2288,452917
2289,271508
2290,490953
2291,455427
2292,439573
2293,551259
2294,503176
2295,574943
2296,452153
2297,471928
2298,396158
2299,149762
2300,508215
2301,214610
2302,357972
2303,188901
2304,240837
2305,411197
2306,440078
2307,113583
2308,533045
2309,380675
2310,482407
2311,356476
2312,342671
2313,119665
2314,361468
2315,373780
2316,386999
2317,196481
2318,266938
2319,526072
2320,431739
2321,340454
2322,561943
2323,367608
2324,406822
2325,373610
2326,505895
2327,458852
2328,365680
2329,360508
2330,330173
2331,573902
2332,434401
2333,452410
2334,483473
2335,599734
2336,389429
2337,430690
2338,520661
2339,101657
2340,400148
2341,317758
2342,184829
2343,487995
2344,161602
2345,453211
2346,470718
2347,421584
2348,394254
2349,389714
2350,398176
2351,433154
2352,207312
2353,375799
2354,333795
2355,383216
2356,238699
2357,510727
2358,351906
2359,443598
2360,534015
2361,361222
2362,329861
2363,493817
2364,474438
2365,415694
2366,366150
2367,424980
2368,379754
2369,546854
2370,263762
2371,433637
2372,443201
2373,561509
2374,184024
2375,329823
2376,425960
2377,339744
2378,313544
2379,319696
2380,407869
2381,530844
2382,301305
2383,646525
2384,437014
2385,445807
2386,432449
2387,445027
2388,625969
2389,239252
2390,278079
2391,488308
2392,507766
2393,504711
2394,430571
2395,305633
2396,349630
2397,478621
2398,423606
2399,467759
2400,414708
2401,488305
2402,168436
2403,216394
2404,325485
2405,613935
2406,499965
2407,586069
2408,313019
2409,349922
2410,464555
2411,211960
2412,186769
2413,458062
2414,509374
2415,491646
2416,341030
2417,374714
2418,343917
2419,301866
2420,289756
2421,513354
2422,323880
2423,422945
2424,498470
2425,275210
2426,376738
2427,637808
2428,148778
2429,477165
2430,325988
2431,413996
2432,586271
2433,495901
2434,319075
2435,400047
2436,307934
2437,568935
2438,397931
2439,409896
2440,298842
2441,265765
2442,432435
2443,347775
2444,427468
2445,440091
2446,155358
2447,346524
2448,257411
2449,399685
2450,610096
2451,235928
2452,568241
2453,238630
2454,574199
2455,338085
2456,687209
2457,249653
2458,561127
2459,170621
2460,337470
2461,455579
2462,380202
2463,335389
2464,206224
2465,371235
2466,343978
2467,469290
2468,444692
2469,484245
2470,354919
2471,359370
2472,327280
2473,427481
2474,374280
2475,461887
2476,362073
2477,419814
2478,164954
2479,483412
2480,410905
2481,375495
2482,431713
2483,410863
2484,369123
2485,391319
2486,479231
2487,521626
2488,411879
2489,172137
2490,426564
2491,280522
2492,506811
2493,98117
2494,481195
2495,480864
2496,272344
2497,227774
2498,469702
2499,413336
2500,342615
2501,381008
2502,395370
2503,250172
2504,361797
2505,397793
2506,340975
2507,422812
2508,385100
2509,207344
2510,228466
2511,450316
2512,339652
2513,235746
2514,296733
2515,412801
2516,478037
2517,429949
2518,401111
2519,246103
2520,344823
2521,730318
2522,346588
2523,231786
2524,466729
2525,487402
2526,389674
2527,251213
2528,384335
2529,438680
2530,205662
2531,364386
2532,418454
2533,405756
2534,377332
2535,85523
2536,334072
2537,371944
2538,108896
2539,292403
2540,384536
2541,297293
2542,507453
2543,395868
2544,528691
2545,480699
2546,400743
2547,475285
2548,357055
2549,343384
2550,341819
2551,173302
2552,407985
2553,154900
2554,489349
2555,267950
2556,288522
2557,180470
2558,345886
2559,352756
2560,430434
2561,432905
2562,273054
2563,293803
2564,422381
2565,321106
2566,329135
2567,357874
2568,502897
2569,247825
2570,346858
2571,430514
2572,317851
2573,305559
2574,485588
2575,477665
2576,279203
2577,278409
2578,453444
2579,275236
2580,333446
2581,435550
2582,413709
2583,473830
2584,369840
2585,317657
2586,564410
2587,373759
2588,429988
2589,147915
2590,477483
2591,457474
2592,605854
2593,349251
2594,252303
2595,303854
2596,203791
2597,480137
2598,467194
2599,323925
2600,478851
2601,376827
2602,291758
2603,426772
2604,425919
2605,313429
2606,290740
2607,271918
2608,519217
2609,445314
2610,374686
2611,382276
2612,493750
2613,545841
2614,327334
2615,377567
2616,494171
2617,429271
2618,167964
2619,419619
2620,344629
2621,232825
2622,280488
2623,359584
2624,157718
2625,149657
2626,309723
2627,358232
2628,204901
2629,603254
2630,363127
2631,177229
2632,304296
2633,511717
2634,179693
2635,383655
2636,343122
2637,457090
2638,295330
2639,352936
2640,336838
2641,357581
2642,262139
2643,411509
2644,312979
2645,302395
2646,333518
2647,455489
2648,480814
2649,510315
2650,347343
2651,326857
2652,364492
2653,158671
2654,488864
2655,357133
2656,428266
2657,295510
2658,232086
2659,146815
2660,587535
2661,573479
2662,491093
2663,422124
2664,318089
2665,513796
2666,477944
2667,197739
2668,547572
2669,345003
2670,278889
2671,444660
2672,276933
2673,487895
2674,498023
2675,470031
2676,322271
2677,179946
2678,185627
2679,399457
2680,461650
2681,326279
2682,336623
2683,209708
2684,460509
2685,483646
2686,359439
2687,266138
2688,246188
2689,450098
2690,329517
2691,282730
2692,340477
2693,507822
2694,317045
2695,217252
2696,182275
2697,384312
2698,253900
2699,440652
2700,418062
2701,356458
2702,414709
2703,410302
2704,271559
2705,324113
2706,276675
2707,478207
2708,120900
2709,390196
2710,57467
2711,467253
2712,244910
2713,429319
2714,245550
2715,215179
2716,472813
2717,331098
2718,228808
2719,185658
2720,244612
2721,408820
2722,397557
2723,394201
2724,167678
2725,317887
2726,309511
2727,369403
2728,336288
2729,548472
2730,280872
2731,531058
2732,372967
2733,292865
2734,413900
2735,265706
2736,145233
2737,433264
2738,63076
2739,287187
2740,103291
2741,365941
2742,396496
2743,101035
2744,465162
2745,251149
2746,291525
2747,322633
2748,46371
2749,304682
2750,446505
2751,193115
2752,193765
2753,106657
2754,310971
2755,464532
2756,633533
2757,108311
2758,82200
2759,528384
2760,570590
2761,356586
2762,468853
2763,287425
2764,36171
2765,465514
2766,424314
2767,326075
2768,608212
2769,486081
2770,381095
2771,251467
2772,380800
2773,359735
2774,407614
2775,447327
2776,524191
2777,317839
2778,453449
2779,340561
2780,432189
2781,512418
2782,106760
2783,289197
2784,69243
2785,77682
2786,230894
2787,465074
2788,380739
2789,292336
2790,558092
2791,297045
2792,396877
2793,435654
2794,164763
2795,312810
2796,615238
2797,372361
2798,270100
2799,297855
2800,302811
2801,351663
2802,358701
2803,123974
2804,309946
2805,375087
2806,377973
2807,185903
2808,558716
2809,383641
2810,492974
2811,259544
2812,217781
2813,435775
2814,214182
2815,482188
2816,260169
2817,286055
2818,122246
2819,488431
2820,375923
2821,533194
2822,181051
2823,504251
2824,332802
2825,228352
2826,425570
2827,157754
2828,115108
2829,355707
2830,383144
2831,378423
2832,319262
2833,424498
2834,499822
2835,577220
2836,340918
2837,107698
2838,494193
2839,352710
2840,447109
2841,364884
2842,205970
2843,364858
2844,371109
2845,541159
2846,430064
2847,378713
2848,359847
2849,258824
2850,342628
2851,392066
2852,295397
2853,601656
2854,421471
2855,448420
2856,342777
2857,352544
2858,284990
2859,404236
2860,453092
2861,347196
2862,339573
2863,333334
2864,323507
2865,275607
2866,291449
2867,506897
2868,355435
2869,380483
2870,282986
2871,351041
2872,315200
2873,489203
2874,467624
2875,483969
2876,355353
2877,343166
2878,364556
2879,303176
2880,126699
2881,141545
2882,159644
2883,424765
2884,522377
2885,379786
2886,247089
2887,494535
2888,558253
2889,135377
2890,347121
2891,275014
2892,146758
2893,385082
2894,330949
2895,347192
2896,348854
2897,443569
2898,238077
2899,329088
2900,207072
2901,313500
2902,57564
2903,479936
2904,405812
2905,441805
2906,328747
2907,401645
2908,246897
2909,399810
2910,447845
2911,423339
2912,353816
2913,274666
2914,213227
2915,443471
2916,412010
2917,450773
2918,526824
2919,197349
2920,454254
2921,404826
2922,390721
2923,177304
2924,411343
2925,493009
2926,410195
2927,380383
2928,218592
2929,560689
2930,172771
2931,421095
2932,554429
2933,400154
2934,488530
2935,248448
2936,506395
2937,177729
2938,428551
2939,322139
2940,102582
2941,384244
2942,472649
2943,266340
2944,337973
2945,471486
2946,561431
2947,452084
2948,440217
2949,32162
2950,383281
2951,511756
2952,490942
2953,333531
2954,338777
2955,150221
2956,424287
2957,391614
2958,423170
2959,549780
2960,215639
2961,450838
2962,337644
2963,366510
2964,439078
2965,399116
2966,207521
2967,422885
2968,377992
2969,421042
2970,346201
2971,380569
2972,493480
2973,399631
2974,486967
2975,530760
2976,105060
2977,451184
2978,374856
2979,502310
2980,488399
2981,429952
2982,107547
2983,279779
2984,403226
2985,389714
2986,380799
2987,528062
2988,432641
2989,126761
2990,206616
2991,370672
2992,177671
2993,418656
2994,427661
2995,629126
2996,413929
2997,85211
2998,315144
2999,262245
3000,445591
3001,455045
3002,232254
3003,317548
3004,357733
3005,258638
3006,416923
3007,375178
3008,448732
3009,382387
3010,385191
3011,288226
3012,407364
3013,329761
3014,334594
3015,443928
3016,444834
3017,289185
3018,515174
3019,167623
3020,604484
3021,195683
3022,410036
3023,419750
3024,265234
3025,279172
3026,189463
3027,408854
3028,379401
3029,156651
3030,103407
3031,395949
3032,472983
3033,379486
3034,328307
3035,170502
3036,131768
3037,219974
3038,443715
3039,356952
3040,308226
3041,404365
3042,425322
3043,299052
3044,353827
3045,512704
3046,202652
3047,136405
3048,413947
3049,524293
3050,317457
3051,356380
3052,120484
3053,111205
3054,484838
3055,310738
3056,356139
3057,329094
3058,389904
3059,112812
3060,378222
3061,435897
3062,405120
3063,269964
3064,242403
3065,497958
3066,378788
3067,367768
3068,492806
3069,128593
3070,455882
3071,307332
3072,411138
3073,338574
3074,252382
3075,347404
3076,278926
3077,343482
3078,375795
3079,88783
3080,506128
3081,402202
3082,213788
3083,272718
3084,508741
3085,304337
3086,337024
3087,376051
3088,330891
3089,324784
3090,654522
3091,99653
3092,425269
3093,458699
3094,441037
3095,348310
3096,291323
3097,436643
3098,58443
3099,363437
3100,277191
3101,193304
3102,316641
3103,266596
3104,419972
3105,398661
3106,317044
3107,346861
3108,372433
3109,201980
3110,415285
3111,240067
3112,350523
3113,260152
3114,116827
3115,308094
3116,328687
3117,349415
3118,342520
3119,445968
3120,189983
3121,443121
3122,399828
3123,318955
3124,252879
3125,351901
3126,233608
3127,465677
3128,400141
3129,96102
3130,125517
3131,288181
3132,241876
3133,538767
3134,252167
3135,154079
3136,129838
3137,193683
3138,334447
3139,401465
3140,396709
3141,189037
3142,388411
3143,295641
3144,390244
3145,186636
3146,313141
3147,374531
3148,358091
3149,496095
3150,394842
3151,116825
3152,380187
3153,409099
3154,461825
3155,324326
3156,232368
3157,446085
3158,142960
3159,461260
3160,305527
3161,175494
3162,231395
3163,293320
3164,414884
3165,367405
3166,518354
3167,216267
3168,368392
3169,426434
3170,356162
3171,421869
3172,248314
3173,303988
3174,237257
3175,244267
3176,376274
3177,277421
3178,471782
3179,504545
3180,514628
3181,54775
3182,300152
3183,181551
3184,386584
3185,474740
3186,290843
3187,419980
3188,143793
3189,97306
3190,523437
3191,355495
3192,431873
3193,194258
3194,547190
3195,372641
3196,472605
3197,444558
3198,528832
3199,465996
3200,229623
3201,238758
3202,153327
3203,171493
3204,386113
3205,113784
3206,76454
3207,357217
3208,308101
3209,298134
3210,156177
3211,368705
3212,380677
3213,457893
3214,352929
3215,365288
3216,309959
3217,167693
3218,370328
3219,238193
3220,415421
3221,312681
3222,352893
3223,368598
3224,161186
3225,509506
3226,534372
3227,342164
3228,240750
3229,87428
3230,218624
3231,338787
3232,118792
3233,423432
3234,265347
3235,112037
3236,322600
3237,218462
3238,428248
3239,306599
3240,363340
3241,330670
3242,250273
3243,370002
3244,339420
3245,311723
3246,373472
3247,318315
3248,392324
3249,243167
3250,492111
3251,174264
3252,425583
3253,132265
3254,384634
3255,583443
3256,406094
3257,99322
3258,368578
3259,325399
3260,376357
3261,216979
3262,379228
3263,415978
3264,313432
3265,333302
3266,212151
3267,487452
3268,258612
3269,459829
3270,128487
3271,234435
3272,108984
3273,349394
3274,374316
3275,246838
3276,433837
3277,362597
3278,111695
3279,186393
3280,341880
3281,312165
3282,454045
3283,72244
3284,424048
3285,422675
3286,87458
3287,292498
3288,364651
3289,417721
3290,252332
3291,417895
3292,590303
3293,313465
3294,514620
3295,153412
3296,330002
3297,398503
3298,205197
3299,413121
3300,350566
3301,303459
3302,415250
3303,449283
3304,459757
3305,557586
3306,527551
3307,461445
3308,391914
3309,370012
3310,406997
3311,610921
3312,336440
3313,270835
3314,218958
3315,382469
3316,430786
3317,355704
3318,243121
3319,332318
3320,443855
3321,430322
3322,259515
3323,441229
3324,373475
3325,283297
3326,544465
3327,426959
3328,337717
3329,576129
3330,250439
3331,147563
3332,220965
3333,212674
3334,342455
3335,474267
3336,494814
3337,311458
3338,392284
3339,345712
3340,488629
3341,319631
3342,448477
3343,126616
3344,536442
3345,501270
3346,62217
3347,252871
3348,521731
3349,195641
3350,333233
3351,197039
3352,363539
3353,452161
3354,477792
3355,168352
3356,105141
3357,278281
3358,125060
3359,95849
3360,336131
3361,255402
3362,307248
3363,85707
3364,500399
3365,179971
3366,75939
3367,519783
3368,281638
3369,331849
3370,333207
3371,474984
3372,334191
3373,432457
3374,445443
3375,177758
3376,420573
3377,406444
3378,258349
3379,436463
3380,369988
3381,505493
3382,387931
3383,429773
3384,462185
3385,355530
3386,354277
3387,180909
3388,505537
3389,418493
3390,441139
3391,258433
3392,258150
3393,375783
3394,317001
3395,210083
3396,382268
3397,328513
3398,347972
3399,298556
3400,224293
3401,374781
3402,213669
3403,267199
3404,352193
3405,199884
3406,323928
3407,432474
3408,101870
3409,408628
3410,339780
3411,276237
3412,212074
3413,527595
3414,463713
3415,480856
3416,246652
3417,295009
3418,398928
3419,385344
3420,469847
3421,428482
3422,454358
3423,412724
3424,298657
3425,385035
3426,252446
3427,297641
3428,493048
3429,390015
3430,475818
3431,264101
3432,296511
3433,509718
3434,318752
3435,276497
3436,158293
3437,460529
3438,489035
3439,447285
3440,415227
3441,285121
3442,238243
3443,425783
3444,288094
3445,548588
3446,309342
3447,366941
3448,519259
3449,260990
3450,578023
3451,487708
3452,319447
3453,331652
3454,207546
3455,171586
3456,322132
3457,110033
3458,307635
3459,316745
3460,451395
3461,195606
3462,423028
3463,525186
3464,289609
3465,409312
3466,291682
3467,276420
3468,414101
3469,353408
3470,138097
3471,396323
3472,426122
3473,329975
3474,123288
3475,416986
3476,235572
3477,394335
3478,329584
3479,192092
3480,319411
3481,403322
3482,322727
3483,321264
3484,281846
3485,428388
3486,548716
3487,152340
3488,234936
3489,234036
3490,265811
3491,464027
3492,236396
3493,369599
3494,195376
3495,596749
3496,553228
3497,338920
3498,350102
3499,292965
3500,354515
3501,272972
3502,367742
3503,200517
3504,318542
3505,486193
3506,559793
3507,373671
3508,480436
3509,343405
3510,238626
3511,372638
3512,468055
3513,393138
3514,229870
3515,353096
3516,349279
3517,583201
3518,465945
3519,150827
3520,286975
3521,363717
3522,392007
3523,385501
3524,517004
3525,303135
3526,264125
3527,468665
3528,253003
3529,400269
3530,154961
3531,411165
3532,305575
3533,187456
3534,378520
3535,154599
3536,117801
3537,349187
3538,449209
3539,382586
3540,277977
3541,345352
3542,304730
3543,386313
3544,342430
3545,354778
3546,442522
3547,134928
3548,223738
3549,485797
3550,360326
3551,271912
3552,92529
3553,487862
3554,141596
3555,221501
3556,443953
3557,230007
3558,139873
3559,357501
3560,188353
3561,294431
3562,394474
3563,252605
3564,245052
3565,402645
3566,437386
3567,458528
3568,242373
3569,412332
3570,295989
3571,472792
3572,418559
3573,405871
3574,170231
3575,307312
3576,101066
3577,478933
3578,394877
3579,305607
3580,346613
3581,303732
3582,317724
3583,390286
3584,326908
3585,119771
3586,201098
3587,271317
3588,274116
3589,133002
3590,344889
3591,581293
3592,498996
3593,106606
3594,351840
3595,487257
3596,273165
3597,262071
3598,431670
3599,400314
3600,359628
3601,401300
3602,578760
3603,197596
3604,480489
3605,125203
3606,336623
3607,416558
3608,233246
3609,473272
3610,301992
3611,185131
3612,395417
3613,169206
3614,279545
3615,322061
3616,431543
3617,363080
3618,261686
3619,415852
3620,326778
3621,333544
3622,375702
3623,239636
3624,410938
3625,354663
3626,361860
3627,374502
3628,384059
3629,277637
3630,218727
3631,599753
3632,474434
3633,110472
3634,354778
3635,326195
3636,197582
3637,244558
3638,284518
3639,271988
3640,367158
3641,345259
3642,397510
3643,361562
3644,430740
3645,455794
3646,320802
3647,312164
3648,530015
3649,470526
3650,462668
3651,152048
3652,357195
3653,293915
3654,293645
3655,506698
3656,248303
3657,229566
3658,312328
3659,280284
3660,157600
3661,159966
3662,471302
3663,394537
3664,527160
3665,357644
3666,414875
3667,299074
3668,333627
3669,292157
3670,519475
3671,343543
3672,249812
3673,313139
3674,384677
3675,350926
3676,394647
3677,186573
3678,437691
3679,408379
3680,346101
3681,326598
3682,303002
3683,416532
3684,298520
3685,421976
3686,415358
3687,216268
3688,350266
3689,155259
3690,430120
3691,280012
3692,257993
3693,315305
3694,339615
3695,236630
3696,338587
3697,112012
3698,371902
3699,337817
3700,274583
3701,154627
3702,286076
3703,688591
3704,310380
3705,435690
3706,316337
3707,365273
3708,354510
3709,502822
3710,477929
3711,300081
3712,366034
3713,338656
3714,345140
3715,366489
3716,426843
3717,320517
3718,284090
3719,381947
3720,395831
3721,259867
3722,355107
3723,232605
3724,263915
3725,381043
3726,508251
3727,488708
3728,231394
3729,284549
3730,229422
3731,288749
3732,308401
3733,326878
3734,293180
3735,433721
3736,408236
3737,247418
3738,483555
3739,198860
3740,287032
3741,304285
3742,333428
3743,485788
3744,413456
3745,330100
3746,381564
3747,252425
3748,492662
3749,315551
3750,481219
3751,340320
3752,62223
3753,253050
3754,26990
3755,270775
3756,391711
3757,325920
3758,229487
3759,360366
3760,522028
3761,356645
3762,401231
3763,343263
3764,373207
3765,605699
3766,402767
3767,378853
3768,433585
3769,245407
3770,459348
3771,455276
3772,432875
3773,208305
3774,324202
3775,294744
3776,283548
3777,418918
3778,175742
3779,480752
3780,321306
3781,271041
3782,82164
3783,437596
3784,359635
3785,344797
3786,329822
3787,297890
3788,290094
3789,286962
3790,362514
3791,229883
3792,418396
3793,339549
3794,471989
3795,235382
3796,281159
3797,319385
3798,202370
3799,149398
3800,235613
3801,37069
3802,576434
3803,363467
3804,311647
3805,405312
3806,409882
3807,302836
3808,215857
3809,342824
3810,315238
3811,354739
3812,140351
3813,371836
3814,341594
3815,278097
3816,241520
3817,52927
3818,520085
3819,514259
3820,191113
3821,381022
3822,499265
3823,271301
3824,198158
3825,357781
3826,342804
3827,336961
3828,250131
3829,181830
3830,580838
3831,307987
3832,148741
3833,305953
3834,170183
3835,425807
3836,320472
3837,142969
3838,364683
3839,451537
3840,382345
3841,447820
3842,415189
3843,282863
3844,28687
3845,359804
3846,387629
3847,343218
3848,228306
3849,310236
3850,319450
3851,292254
3852,426262
3853,399741
3854,260020
3855,384034
3856,224760
3857,337131
3858,106266
3859,283174
3860,374638
3861,256530
3862,201736
3863,335531
3864,523562
3865,442093
3866,268822
3867,336488
3868,401482
3869,333257
3870,88601
3871,192600
3872,292666
3873,270868
3874,393035
3875,178925
3876,350010
3877,451312
3878,465275
3879,303690
3880,335388
3881,407784
3882,259193
3883,333244
3884,484346
3885,261753
3886,319292
3887,299928
3888,318795
3889,417350
3890,313675
3891,223211
3892,110618
3893,332871
3894,261104
3895,398235
3896,307540
3897,214170
3898,235919
3899,402954
3900,334926
3901,388039
3902,296467
3903,323719
3904,303526
3905,204321
3906,572405
3907,401216
3908,370491
3909,270202
3910,327538
3911,371597
3912,213032
3913,256903
3914,387316
3915,439293
3916,192073
3917,442856
3918,325448
3919,344705
3920,234736
3921,293165
3922,155010
3923,295726
3924,355495
3925,308974
3926,345527
3927,285537
3928,369465
3929,325064
3930,466247
3931,234243
3932,423853
3933,392824
3934,236047
3935,331939
3936,421316
3937,302954
3938,352907
3939,421135
3940,65819
3941,360855
3942,480554
3943,239604
3944,305192
3945,248692
3946,148605
3947,470736
3948,417815
3949,278554
3950,223580
3951,313794
3952,224200
3953,36147
3954,317425
3955,393665
3956,372007
3957,38179
3958,477818
3959,334415
3960,315066
3961,234579
3962,318324
3963,327656
3964,188757
3965,438409
3966,55308
3967,103205
3968,265372
3969,207528
3970,381227
3971,349650
3972,315280
3973,81608
3974,407402
3975,244202
3976,287611
3977,338141
3978,96914
3979,317350
3980,146172
3981,329166
3982,259125
3983,134841
3984,397407
3985,464419
3986,371538
3987,208965
3988,203521
3989,208261
3990,215095
3991,181270
3992,162674
3993,337445
3994,373700
3995,478301
3996,424880
3997,470985
3998,152364
3999,495374
4000,366132
4001,298358
4002,91657
4003,460284
4004,131639
4005,309579
4006,538821
4007,267157
4008,442096
4009,375664
4010,209462
4011,293078
4012,263921
4013,339859
4014,239230
4015,406943
4016,222964
4017,303874
4018,236427
4019,427172
4020,242330
4021,256633
4022,298550
4023,45795
4024,177032
4025,361683
4026,222169
4027,290657
4028,349451
4029,403143
4030,296674
4031,286173
4032,334611
4033,318418
4034,341103
4035,353397
4036,427760
4037,471625
4038,524369
4039,291782
4040,153120
4041,235127
4042,500749
4043,274670
4044,252787
4045,419934
4046,232814
4047,317701
4048,190917
4049,268344
4050,299810
4051,246109
4052,291022
4053,284052
4054,293569
